chain_id,acceptance_rate,retained_samples,beta_mean,gamma_mean,rho_mean,beta_std,gamma_std,rho_std
0,0.2485,600,0.1650600686262816,0.080923570860723,0.3153424502689121,0.019428745270455863,0.005019820717166879,0.025340629854355503
1,0.243,600,0.1622214873551206,0.080931128657105,0.31258525883016175,0.02125097922831987,0.005136781701619303,0.028627187232060158
2,0.23925,600,0.15945497518883178,0.08070360284656798,0.30902021975308014,0.019960444098710374,0.005002428420808321,0.027960811855811327
3,0.25025,600,0.16212659087874054,0.08129266229039132,0.3108567771269203,0.023164854038497183,0.0054301015143963915,0.03066643404695645
