beta,gamma,rho
0.168664,0.089009,0.31759
